SrcDatabase-来源库	Title-题名	Author-作者	Organ-单位	Source-文献来源	Keyword-关键词	Summary-摘要	Year-年
硕士	基于Schwatrz-Moon模型的中医药企业价值评估	邱阿惠	山西财经大学	山西财经大学	企业价值评估;;中医药企业;;实物期权法;;Schwartz-Moon模型	2022年3月29日,在《“十四五”中医药发展规划》指出,要以深化改革创新推进中医药事业高质量发展,注重满足人民日益增长的健康需求;2023年3月3日,国务院印发了《中医药振兴发展重大工程实施方案》,指出中医药是关系到国计民生的战略性资源,要通过跨领域、跨行业和国家重点研发计划提升中医药产业创新能力,推进中医药现代化。中医药作为国民生活的重要组成部分,其行业地位不言而喻,在时代需求和信息技术的不断创新下,传统的中医药企业更应把握机遇,抓住时代的风口加快其产业布局。在此背景下,准确的企业估值对顺应国家政策,推动中医药企业创新转型具有重要意义。因此,中医药企业有什么特点,以及如何选择适用于中医药企业的价值评估模型值得进一步深入研究。 基于此,本文首先梳理了中医药企业评估的相关文献;其次,在分析中医药企业的特点及企业价值影响因素的基础上,对传统评估方法、实物期权法进行了行业适用性分析;再次,构建实物期权法下的Schwartz-Moon定价模型,并根据中医药企业特点,对模型参数进行修正;最后,以中医药行业龙头企业——片仔癀为案例,在对其基本情况及财务状况进行分析后,运用改进的Schwartz-Moon模型对片仔癀的企业价值进行估值,并与其市场价值相比较,验证该模型评估结果的准确性。本文的主要结论有:(1)使用Schwartz-Moon模型能较好的体现片仔癀的潜在期权价值,将Schwartz-Moon定价模型结合蒙特卡罗模拟法进行模拟对片仔癀企业价值进行估值,得出片仔癀在2022年12月31日的每股价格为270.45,当日片仔癀股票收盘价为288.41,误差较小;(2)根据敏感性分析中各重要参数对评估结果的敏感程度中,长期变动成本率、期初收入增长率对评估结果的影响较大。 本文的边际贡献如下:(1)构建实物期权法下的Schwartz-Moon定价模型对中医药企业价值进行评估,丰富了企业价值评估领域相关文献;(2)根据中医药企业特征对Schwartz-Moon模型中的倍加系数和变动成本率等重要参数进行修正,对中医药企业的估值更具行业适用性。	2024
硕士	医药企业轻资产运营模式转型路径及效果研究	黄镜学	四川师范大学	四川师范大学	轻资产运营模式;;医药行业;;片仔癀;;转型路径;;转型效果	随着国家人口老龄化趋势的加剧及民众生活品质的持续改善,民众对健康的关注度日益增强,使得医药行业成为民众高需求的行业之一。为满足民众对优质医疗服务的需求,近年来国家不断推进医药行业改革进程,通过出台和实施了一系列扶持政策,有力促进医药行业的蓬勃发展,使其成为市场经济中发展最为迅速的行业之一。然而,医药行业具有典型传统制造业的重资产特征,高额初始投入、庞大设备占比,及技术创新项目投资回报期长,都严重制约了医药行业的有效资产利用和发展步伐。在这一背景下,轻资产运营作为一种高效的企业经营和资本运作的价值驱动型资本战略,轻资产运营模式转型已成为医药企业寻求更优质发展的重要策略之一。 本文以片仔癀药业为研究案例,深入探讨了医药企业转型轻资产运营模式的路径和效果。文章开篇对研究所依赖的理论基础、研究方法和轻资产相关概念界定等进行详细阐述,为后文研究提供理论依据。本文首先对片仔癀药业所处的医药行业现状进行了简要叙述,随后分析了医药企业轻资产运营的转型动因、路径及其所取得的效果。在对片仔癀药业的基本情况进行概括性的介绍后,文章进一步对该企业选择轻资产转型的动因进行分析。研究的核心部分集中于对该药业转型路径的细致分析,研究发现该药企通过重视研发创新、加强营销推广、降低生产成本和优化融资方式四个主要路径实现转型。最后,为全面评估转型效果,本文从非财务与财务两个维度进行研究,对比分析转型前后非财务指标的变化情况以及各财务指标纵向与横向表现。 从本文最终结论发现,轻资产运营模式对片仔癀药业起到了正向作用,主要表现在研发和营销能力上,两种能力都有不同程度的提升。同时偿债、运营、盈利及发展能力等方面以为呈现出积极趋势。尽管如此,转型后的企业仍面临提升管控能力与进一步降本增效的挑战。基于此,本文从上述四个路径出发提炼出医药行业轻资产运营模式转型的启示,以期为同行业其他想要向轻资产运营模式的企业提供转型路径上的实践参考。	2024
硕士	云南白药战略转型对企业绩效的影响研究	范文帅	郑州航空工业管理学院	郑州航空工业管理学院	战略转型;;企业绩效;;云南白药	随着全球经济的日益一体化,企业面临着越来越激烈的全球竞争。单一的经营业务与模式容易受到外部环境的冲击,抗风险能力相对较弱,因此,企业倾向于探索战略转型的路径,其中多元化战略成为主要选择之一。在二十世纪初期,多元化战略出现,其在美国等国家被广泛采用。多元化的理念在我国改革开放之后传入中国,一时间引发了企业的关注与实践。然而,尽管多元化战略在一定程度上为企业带来了发展机遇,但若执行不当可能会阻碍企业的正常发展。因此,许多企业开始将注意力重新聚焦到核心竞争力上,实行注重主营业务发展的归核化战略。在中国医药行业,由于起步较晚且创新能力相对薄弱,企业面临着巨大的发展挑战和激烈的国内外竞争。因此,医药企业急需进行战略转型。云南白药作为中国知名老字号企业,早已开始了战略转型,并选择了多元化经营方式。尽管初期取得了一定成就,但由于部分失当的多元化战略导致企业陷入困境。随后,云南白药采取了归核化战略以期改善局面。本文为了向国内中医药企业提供战略转型的参考,进而研究了云南白药的战略转型。 本文采用文献研究法、案例研究法、比较分析法和事件研究法,对云南白药战略转型过程中的问题进行分析。首先,论述了研究的背景、意义和相关概念,包括战略转型的类型、效应,以及企业财务绩效评价方法,并概括了相关理论基础。其次,详细描述了云南白药实施战略转型的情况,包括实施的背景、动因和内容。然后,通过对比分析财务和市场绩效数据,评估了云南白药战略转型后的表现,并提出了相应的结论。案例分析表明,云南白药的战略转型在一定程度上改善了企业的经营业绩,减轻了资金压力,但过度多元化可能会导致企业偏离主营业务,甚至影响企业市场绩效。最后,结合案例提出了三点启示:医药企业在选择战略投资类型时应审慎考虑,重视传统核心主业,并合理控制战略转型的节奏,以此为医药企业未来战略转型提供借鉴。	2024
博士	基于中医状态学的中医“热结”状态理论构建与应用研究	任朝莹	广州中医药大学	广州中医药大学	中医状态学;;“热结”状态;;理论创新;;系统科学;;片仔癀	目的:本研究以中医“热结”为对象,通过分别考察“热”“结”及“热结”的基本概念和彼此之间的关系,借用系统科学和中医状态学相关概念,从中医原创思维出发,创新提出中医“热结”状态这一新的中医理论,旨在以“态”统病,强调对“结”类疾病的辨治进行区分,从状态的角度为现代医学的炎症、癌肿、疫病等相关病症的治疗提供异病同治的思路,为散结类中成药的合理应用提供理论指导,发挥“热结”状态理论在中医理论、方法、实践等不同角度的指导意义。方法:本课题属于探索性中医理论研究,采用文字学、文献研究法、思辨研究法和数据挖掘与知识发现等4种方法进行探索,以科学诠释和解析说明性的方式对理论进行阐述和构建。第一部分:采用文字学研究方法,通过字书、传统文献等用例,考辨“热”和“结”之字形字义,从而因形求义,以求证“热”“结”的本义及内涵,并探讨二者之间病因病机发展内在关系,并对热病和结病的概念范畴进行推理分析,搭建二者之间的联系。第二部分:采用文献研究法,以“热结”为关键词,借助《中华医典》电子古籍文献资料和中国知网,对包含直接论述“热结”的古籍条文和相关现代文献进行分析,提取其与“热结”相关的内涵和概念并进行系统整理,探讨“热结”这一关键词所包含的相关基本内容和本质特征,并查阅“热结”的现代文献内容,对相关疾病和理论做出系统的整理。第三部分:采用思辨研究方法,通过对系统科学与状态医学相关概念和意义进行探讨,认为其可用于对“热结”理论建立的支撑,故基于中医原创思维提出中医“热结”状态理论,从多学科交叉的角度对“热结”状态理论进行阐发,从思辨研究的角度对“热结”状态理论进行架构和分析。同时,融合团队前期“中医状态学”“中医五辨”相关研究成果,在对“热结”概念研究的基础上,系统分析“热结”状态的发生机制、病机特点、疾病范畴和辨治要点等内容,并在总结出的理论新意上搭建不同要素之间的逻辑关系,以形成较为规范的概念体系,并梳理理论范畴内的科学定律,以使理论指导实际应用。第四部分:采用数据挖掘与知识发现的方法,利用文献计量学,对片仔癀目前已发文献进行科学文献计量分析,通过分析其研究热点、疾病特点,发文相关机构、作者等信息,探讨片仔癀在临床功效、应用、科学研究等方面与“热结”状态的关系。根据片仔癀“清热解毒,凉血化瘀,消肿止痛”的功效,反推片仔癀治疗范围应为“热结”状态疾病,以“热结”状态为理论基准,对片仔癀治未病、治已病的机制进行解释,认为片仔癀在临床应用中要对疾病进行同病异治和异病同治进行区分,并且以中医“热结”状态理论为基础,可为片仔癀的现代研究及二次开发提供中医理论指导。结果:文献研究部分:首先,通过对“热”与“结”本意的探索,认为二者之间存在病因与病机发展的内在联系,即“热”与“结”的关系可分为因热致结、因结致热和热结相搏。从部位来看,“热结”类疾病在人体全身多部位均有存在,且具有特定的以热结为直接论述的舌象和脉象古文条文,同时,古籍文献中存在与“热结”相关特定的中药,药物类别分布广泛,功效以清热、泻火、凉血、解表类居多,进而推导得知,受多方面条件影响,“热结”疾病的构成主要由“热”“瘀”“郁”“痰”“湿”“毒”等病理要素构成。此外,在对现代文献的研究中,发现“热结”疾病范畴较为宽泛,病理结果可为有形或无形,性质属热,并且,针对“热结”这一主题词,不少学者对其进行了探索,产生了相关新的理论。理论构建部分:从学科交叉的角度来看,系统科学与中医整体观念彼此相得益彰,中医状态医学即是在追求系统和整体的层面上,以发挥不同医学最大功用而产生的。“热结”状态发生的现代科学本质为热熵变化,表现为具有阶段性、复合性、多因性、系统性的变化特点,并以气、血、津液为状态变化的载体而形成各种类型的“热结”状态。“热结”状态涵盖现代疾病的炎症、癌肿及疫病等属热之情况,在对其辨识的过程中,可结合中医“五辨”方法对疾病进行全方位的认识和判断,即增加对人这一整体的系统性辨识和对病机全过程的审查。“热结”状态治疗总则为清热、化瘀、透邪、补气等多种方法,具体可分为:清血分之热,釜底抽薪;散血中之瘀,解毒消结;多法同用,态靶同调以及培补元气,扶正补虚等,以从调节机体内部微环境的角度消除“热结”状态的存在。关于“热结”状态理论的实践意义,即是强调以“热结”状态统病,指导药物的异病同治应用,防止疾病的误诊误治以及守势防态变化的治未病作用。理论指导实践应用部分:通过对片仔癀已发文献的研究,认为片仔癀并非“万能药”,当前市场的不良炒作可能会导致中成药使用乱象的发生,且作为国宝名药的代表,片仔癀是中医国际形象的名片,更应重视其规范使用的重要性。研究认为,片仔癀可用于治疗性质属热之结类疾病或某些疾病在发生发展过程中表现出热象的阶段,确立片仔癀功效范围内所治疾病特点应为“热结”状态,因此,临床应仔细进行疾病的寒热等属性辨别,不可仅按病名服药。同时,研究发现文献中片仔癀的疾病治疗种类远超其药品说明书官方公布的治疗范围,说明药物的功效可进行二次开发。关于片仔癀功效的发挥,研究发现,其在临床中发挥的作用并非绝为一己之力,而是多与他药或他法联合使用,用以增强某种治疗效果,故认为片仔癀的作用是对机体状态的调整,与“热结”状态理论不谋而合。此外,片仔癀对肝病有特殊效果,中医认为,肝为万病之贼,特定体质人群背景下,对肝病的预防和调理有利于发挥中医未病先防的优势,此可看作片仔癀治未病功效发挥之理,同时,片仔癀的现代研究存在一些漏洞和不足,如过于关注微观参数的现象,忽视了中医理论在中成药物现代研究的重要性,因此,“热结”状态理论的建立,有利于为药物的现代科学研究提供中医理论支持,对于规范其他类似经典中成药的使用也有一定的指导意义。结论:本研究通过对“热结”相关概念进行疏理,将中医状态学与中医“热结”相互结合,从中医原创思维角度出发,构建了基于中医状态学的中医“热结”状态理论。关于“热结”状态理论体系的定义,认为“热结”状态可代表人的整个机体状态或疾病某一阶段状态的一种反映,且此状态多处于疾病发生发展过程中病情正盛、病势较险恶的阶段,疾病性质属阳、属实,“热结”状态病理要素多兼夹复杂,应从系统科学的角度从多方面进行观察和辨治。“热结”状态泛见于内科难治性疾病,目前,现代医学对其治疗方案并不完善,临床亟待遴选具体有效方药,而从中医角度通过对“热结”状态形成的规律进行探索,及早进行规避,标本同治,使机体复归寒热平衡的内环境,则有利于消除致病因子生长内环境,从整体控制疾病的发展。中医“热结”状态理论的提出是中医理论的创新,以片仔癀功效为理论实践应用的对象,在中医“热结”状态理论指导下,强调片仔癀的临床应用应严格区分疾病症状的寒热虚实属性,不可固守辨病用药的西医诊疗思维。以状态为纲,从对“热结”的概念溯源到理论的梳理,直到“热结”状态的理论构建和形成,构建了一套以系统科学为根基的主干理论,进而可衍生出各种“果子”,对丰富中医理论的发展大有裨益,同时可引申为科研设计的立论依据,为日后的中医健康管理、疾病未病先防等研究提供指导,也可为清热解毒散结类药物的合理服用和现代研究建立理论标杆。	2023
硕士	云南白药企业金融化对企业绩效的影响研究	丁伟	青岛科技大学	青岛科技大学	实体企业金融化;;云南白药;;企业绩效	目前我国经济正在向高质量发展转型,实体企业的健康发展显得尤为重要,为了避免实体企业“脱实向虚”,我国政府出台一系列政策来规范实体企业的金融投资行为。医药行业具有良好的发展前景,但近年来受各种因素影响,越来越多的医药企业纷纷配置金融资产,开展金融化。对医药企业而言,金融化究竟会对企业绩效产生怎样的影响呢?考虑云南白药作为医药行业的领军企业,同时也是医药行业中金融化程度较高的企业,因此本文将云南白药选为案例公司,研究其开展的金融化对自身绩效的影响具有一定的研究价值和研究意义。本文研究由五部分内容构成。第一部分绪论,包括论文的研究背景与意义、内容、方法和创新点。第二部分从理论层面阐述本文研究的理论基础,并梳理本文主题相关的文献。第三部分首先介绍云南白药的基本情况,随后系统地分析云南白药的金融化动机、金融化历程及金融资产配置情况,并选择医药行业中同样开展金融化的吉林敖东和片仔癀作为对比企业进行比较分析。第四部分基于云南白药2011-2021年年报中财务指标和非财务指标的相关数据,探究云南白药金融化分别对公司财务绩效和非财务绩效产生怎样的影响,试图通过分析更多的公司绩效衡量指标能够更全面、详细地分析云南白药金融化对企业绩效的影响。其中本文的第三章和第四章为论文的核心章节。最后一部分为结论与建议,首先总结全文的研究结论,随后根据结论分别从企业层面和政府层面提出有关实体企业金融化的相关建议。研究发现:第一,云南白药于2011年正式开展金融化,金融化程度总体呈加深的趋势,具体而言其金融化过程又可以细分为三个阶段。其中经济发展水平、医药行业政策影响、企业的盈利能力和管理层偏好这四点是云南白药开展金融化的主要动因。第二,研究发现云南白药金融化不利于公司提升财务绩效。通过分析云南白药金融化不同阶段的财务绩效指标可知,云南白药金融化水平的提高对企业盈利、偿债、营运和发展能力以及动态财务绩效都产生了负向影响。第三,研究认为云南白药金融化对研发投入、实业投资水平等非财务绩效同样产生了负向“挤出效应”。并且随着企业金融化程度加深,过度金融化导致公司对自身主营业务的关注度降低,增加了企业的经营风险。基于以上研究结论,本文认为云南白药应尽快提高对金融风险的防范意识、合理配置自身的金融资产;同时政府应该加强对企业金融化的监管力度,鼓励我国实体企业专注于主业和实体投资。本文较为系统地分析了云南白药金融化对企业绩效的影响,丰富了企业金融化对公司绩效这一微观层面的研究,同时也为我国医药企业或者其他行业企业开展金融化提供了一些建议,使实体企业在金融化过程中能充分发挥适度金融化所产生的正向影响,规避过度金融化所造成的负向影响。	2023
硕士	医药企业金融化的动因及经济后果研究	张沈伟	安徽财经大学	安徽财经大学	金融化;;医药制造业;;云南白药;;动因;;经济后果	我国经济进入新常态后,制造业面临的发展困难增加,出现了产能过剩和创新能力不足等问题。与此同时,我国的金融业迎来高质量发展:金融体系不断得到完善,投资回报率稳步上升并呈现出优于实体经济的趋势。实体企业开始通过配置不同种类的金融产品进入金融市场,以追求短期的高额收益,生产经营在企业中的重要地位被逐渐淡化。这一现象导致我国经济开始出现“脱实向虚”的问题,制造业在我国经济的地位呈现下降的趋势。目前,我国的医药制造业也存在着金融化问题。医药行业的发展状况与我国居民的健康生活质量密切相关。由于医药行业存在资金需求量较大、研发活动的风险较高以及产品的生命周期较长等发展特征,为了保证企业的平稳发展,不少医药企业将大量资金投入金融产品中,使企业能尽可能多的获取利润。云南白药是中药生产行业中的龙头企业,同样属于医药制造行业。同时,云南白药的金融化问题较为明显,已经引发一定程度的社会关注。因此,本文选择云南白药作为研究对象,以案例研究的方式,探究医药制造企业金融化的路径、程度、动因和经济后果。为企业、投资者和政府三方看待企业金融化问题提供了新的视角。本文先从云南白药的金融资产配置开始,根据年报中附注的内容进行划分,接着同时以持有的金融资产数量和特征为依据,分析云南白药金融化程度逐年的变化趋势,并着重探究了金融化的动因,利用主成分分析法和事件研究法等多种方法分析金融化活动造成的经济后果。本文的研究结论主要有:(1)云南白药的金融化程度呈现出逐年加深的趋势;(2)云南白药的金融化历程有较为明显的阶段性,2014-2018年划分为初步金融化阶段,持有金融产品的数量不多、收益较低以及风险较低;2019-2021年划分为深入金融化阶段,持有金融产品的数量更多,并且开始在二级流通市场投资,购买的股票逐年上升;(3)云南白药在各阶段的金融化动因不同。在采取稳健型投资策略时,主要目的是主业开始下滑、需要稳定收益进行弥补,同时货币资金较多,需要避免时间价值流失;在采取激进型投资策略时,非国有股东的加入,使云南白药出现较强的逐利趋向,陈发树出任高管更是加重了这一属性,同时,云南白药主业的获利效率下滑,需要找到新的利润增长点;(4)云南白药金融化造成的经济后果主要有,面临的财务风险呈现出逐年上升;稳健型投资策略对综合财务绩效产生了积极的影响,而激进型投资策略的效用并不明显;持有低风险的金融资产有利于长期价值的上升;企业的炒股行为在证券市场上没有获得投资者的认可。针对上述分析结果,本文又分别从企业日常经营、公司治理结构和政府监督职能三个方面入手提出建议。	2023
硕士	东北制药ESG信息披露研究	张悦	重庆工商大学	重庆工商大学	ESG信息披露;;环境;;社会责任;;公司治理;;可持续发展	2020年6月,我国正式发布了《2019中国生态环境状况公报》和《2019年中国海洋生态环境状况公报》,揭示出了我国生态环境问题的尖锐性。两份《公报》显示,目前我国距离建设美丽中国的目标还有相当大的差距,从空气质量、水质、自然生态系统等方面来看,我国面临的生态困境依然需要被高度重视。为从根本上解决生态困境,降低环境污染程度,响应保护全球生态系统的号召,向着美丽中国的目标不断前进,我国政府就环境问题一直在做着不懈的努力。在2021年的全国“两会”上,国家领导人特别强调了“碳达峰、碳中和”的双碳目标,我国“十四五”规划纲要也明确地指出,我国要坚定不移贯彻创新、协调、绿色、开放、共享的新发展理念,推动高质量发展。ESG,即为Environmental(环境)、Social(社会)和Governance(治理)三方面的有机结合。ESG是一种新兴投资理念,属于广义可持续投资,也是一种用以衡量企业的可持续发展能力的指标。传统的对上市公司的评价更加关注企业的财务状况、盈利能力、行业发展等财务指标,而ESG将环境、社会、治理三大非财务要素融于投资过程,能够更加全面、系统地评价上市公司的可持续发展能力和社会效益。ESG可以为企业自身实现碳中和的目标提供依据,降低碳排放水平、碳排放风险,有效推进碳中和进程,促进绿色发展和绿色转型。基于上述背景,在梳理国内外关于环境信息披露、社会责任披露、公司治理、ESG披露相关的文献之后,选取具有突出环境问题的东北制药为案例研究对象,选取披露情况良好的片仔癀为对比研究对象,对两家公司的ESG信息披露方式、内容和评级进行比较分析。通过系统、全面的比较得出东北制药在ESG信息披露中存在的不足并分析其中的原因,并且可得出我国上市公司目前ESG信息披露质量并不高、监管部门对公司ESG信息披露监督力不足的结论。针对东北制药ESG信息披露中的不足、成因,提出优化ESG信息披露和解决问题的措施,同时也为其他上市公司起到参考借鉴的作用。	2023
硕士	我国中药行业上市公司投资价值分析	刘佳妮	中央财经大学	中央财经大学	中药行业;;投资价值;;EVA估值;;因子分析	随着我国经济的发展以及人口老龄化的加剧,人们对医疗保健行业的需求日益增加,作为医药保健行业的重要组成部分,我国中医药发展历史悠久,不仅是我国的卫生和经济资源,更是我国的特色文化资源。党的十八大以来,党中央多次强调要把中医药的发展摆在更加突出的位置,同时中医药在新冠疫情防控和救治中发挥了巨大的作用,引起众多投资者对于中药行业的关注。在政策的大力扶持下,近年来,我国中药行业获得重大的发展机遇,中药制造业市场规模和中药材的零售市场成交额都有大幅增长,高增长率显示了我国中药行业拥有巨大的潜在市场。本文使用定量与定性分析方法,理论研究联系案例分析。首先对企业投资分析以及中药行业投资价值分析的过往研究进行总结,其次对我国中药行业发展的宏观经济环境、行业发展现状以及行业发展前景进行定性分析,然后基于因子分析法,对我国中药行业上市公司近三年的投资价值进行排名,根据打分后的排序结果印证片仔癀在我国中药行业的头部地位,以此说明选择案例公司的原因,最后对企业估值方法进行梳理,选用EVA估值方法对片仔癀的价值进行估算,计算历史EVA以及预测未来EVA,为投资者提供投资的建议。本文的结论主要包括:在外部宏观环境层面,促进行业发展的产业政策和利好发展意见不断出台;收入的增加使人们健康意识的增强,老龄化的加剧带来了巨量的医药消费市场。在中观行业层面,行业内上市公司营业收入保持高增长,收益能力可观,投资者和市场看好行业增长空间。在企业微观层面,我国目前中药行业上市公司大多数是屹立百年的老字号企业,许多中药产品在多个治疗领域具有独一无二的应用价值,这种不可替代的品牌价值让中药行业具有独特的优势。本文选取了中药行业67家上市公司进行因子分析,根据因子分析结果,新光药业、片仔癀和白云山三家企业排名比较稳定,三年排名均位于前十名,具有比较高的投资价值,投资者可以将这三家企业列为重点关注对象,并且对我国中医药企业投资价值影响程度较大的两个因素是每股指标和偿债能力。对片仔癀利用EVA估值法进行估测后,估算其每股价格区间大致在302.48～357元,目前片仔癀在一定程度上被低估。	2023
硕士	医药行业上市公司ESG信息披露评价体系研究	肖珑元	上海大学	上海大学	ESG信息披露;;评价体系;;医药行业	ESG(环境、社会、公司治理)作为一种负责任的投资策略和非财务信息披露的主流体系,其能够兼顾经济效率与可持续发展,这与我国的经济高质量发展目标和新发展理念相契合,ESG中的环境、社会及治理各维度衔接创新、绿色、开放、协调及共享五大内容。这意味着企业需要关注自身的ESG表现,在实现财务目标的同时,还要负责任地对待环境和社会问题,积极推动高质量发展。而医药行业作为基础性民生产业,其ESG履行情况备受社会关注,然而,由于医药行业企业在披露ESG信息时存在独立披露ESG报告比例小与披露框架不完整等问题,迫切需要构建针对医药行业的ESG信息披露的评价体系,帮助医药行业的企业构建出完整、合理的ESG信息披露评价体系。基于以上背景,本文梳理国内外有关ESG信息披露评价体系的文献,分析目前国内医药行业上市公司ESG信息披露与ESG信息披露评价体系的现状,基于此并利用层次分析法从环境(E)、社会(S)及公司治理(G)三个维度选取了医药行业企业ESG信息披露的评价指标,构建出适用于医药行业的ESG信息披露评价体系。本文选取的案例公司为医药行业的龙头企业漳州片仔癀药业股份有限公司,将片仔癀的ESG信息披露评价体系与构建的体系进行对比评分,发现片仔癀存在定量化指标较少、缺乏负面指标以及缺少行业指标的问题,并为其ESG信息披露评价体系的优化提出建议。本文的研究为片仔癀的ESG信息披露评价体系的构建提供实践标准,同时也有利于其他医药企业构建出合理的ESG信息披露评价体系。同时,有助于医药企业尽快提升对ESG的认知,将披露ESG实质性信息作为起点,对完善企业ESG信息披露内容具有一定的参考价值,促进医药行业长期的可持续发展,对我国正在实施的可持续发展战略具有积极作用。	2023
硕士	基于B-S模型的中药企业价值研究	马鹂	云南财经大学	云南财经大学	企业价值评估;;中药企业;;B-S模型;;漳州片仔癀	中药自古以来就是中华民族文化的精髓,千年以来治好了无数疑难杂症,在各种瘟疫中屡屡有令人惊叹的作用。现今,随着新冠病毒不断变异、病毒的传染性也在不断增强,疫情防控日益常态化,加之我国人口老龄化明显,慢性病有增长的趋势,基于日常保健、增强免疫力和调理身体的需要,以及国家政策的大力支持,中药的需求和发展也日益成为人们关心的话题之一。中药的传承、推广、关注和发展归根到底还是要落实到企业之中,对中药企业价值进行研究可以促进中药行业资源更合理有效利用,为企业发展战略定位提供方向性建议,同时也为投资者们提供一份可供参考的投资资料。本文首先阐述了研究中药企业价值的评估思路,通过查询阅读已有的研究文献,对企业价值评估前沿研究的脉络进行总括性梳理,较为详细地归纳概括了企业价值评估中,不同思路、不同视角下所产生的不同评估方法,以及各种评估企业价值方法的利弊和局限性,并在此基础上,提出一种适用于中药企业价值的新评估方法——现金流折现与实物期权相结合的方法。其次,本文对中药产业的经济背景以及行业背景进行了分析,从中药供应链的各个节点进行研究。本文对中药供应链的上游、中游和下游环节当前发展状况和发展趋势进行了分析和研究,从中药材的供应、中药产品的制造生产和产成品的销售这三个环节,点明中药企业目前发展阶段所面临的挑战、困境和未来可能的发展方向,同时通过分析行业中的相关利好宏观政策、国内的环境背景、海内外人们对中药的接受程度、行业发展面临的人才紧缺等等相关驱动因素,为中药企业未来发展、为企业管理者制定战略决策提供一份不同视角的参考;除此之外,文章还对传统的企业价值评价方法的局限性以及运用实物期权方法评估的优点进行了分析,实例分析漳州片仔癀药业股份有限公司的企业价值,对模型的各个参数选取进行实例分析,得出公司的企业价值,对市场上“天价片仔癀”、“每人限购2粒”的炒作和股价进行了分析,有利于帮助投资者冷静客观地看待这些现象,以做出更理性的投资判断。经本文研究计算,最终得出2021年12月31日漳州片仔癀药业股份有限公司的企业价值约为2730.99亿元,与股票市场历史交易数据总市值2637.4亿元基本吻合。	2022
硕士	商业模式创新路径及绩效研究	王瞳	山东财经大学	山东财经大学	商业模式创新;;新国货企业;;数字化经济时代;;平衡积分卡	在经济高速发展与产业转型升级的背景下,企业面临着生存发展的瓶颈,愈来愈需要进行商业模式创新以实现资源协同发展、实现自身突破。党的十九届五中全会提出要加快构建以国内大循环为主体、国内国际双循环相互促进的新发展格局。在此背景下,国货应该抓住历史机遇,提升国货品牌影响力,打造具有中国特色的新国货品牌。天猫平台数据显示2018至2020年天猫线上累计增长了10万多个国货品牌,远超国外品牌增长速度,国货品牌在线上的市场占有率超过70%。在“新国潮”方兴未艾的时代背景下,本文选取了中华老字号企业片仔癀、同仁堂和新锐品牌企业安踏、李宁作为新国货企业分析对象,对四家代表性新国货企业的商业模式创新路径进行分析。本文研究发现不同行业在进行商业模式创新时,既存在相同之处,也存在差异之处,旨在为未来新国货企业进行商业模式创新提供参考经验。中华老字号企业片仔癀、同仁堂和新锐品牌企业安踏、李宁在进行商业模式创新时选择了不同的路径,总结为以下几点:一是在价值主张方面,安踏和李宁更关注顾客的体验价值,而片仔癀和同仁堂更加关注顾客的使用价值。二是安踏和李宁在进行价值创造时选择一种更加新潮的手段,即跨界联名,在价值网生态圈中选择与自身理念相符合的企业品牌进行强强联合,扩大消费者圈层,带给消费者与众不同的体验价值。通过采用数字化技术,安踏、李宁致力于对产品经营管理模式的转变和对零售经营管理能力的提高,进而改善了终端渠道经营效果。同时,企业还邀请了消费者自主加入到公司的产品开发、制造、市场营销、售后服务等活动环节中,以实现消费者的个性化需要。三是在产品销售渠道的选择上,安踏和李宁的范围更大,直播带货已经是新兴企业中非常普遍的一种营销方式,尤其疫情以来,企业更是认识到了直播带货的潜力与作用。而同仁堂和片仔癀更多的是采用经销商和自营店这两种营销方式,线上销售的比重较小,直播销售的比重更是微不足道。四是安踏和李宁更注重对顾客数据的搜集,以便在大数据分析后提供差异化、个性化的购物服务,但同仁堂和片仔癀这方面的意识较为薄弱。两类企业商业模式创新的共同之处有以下几点:一是在价值主张方面,都通过扩展海外市场、更加关注高端顾客群这两个方面来发掘市场长尾末端顾客。二是在价值创造方面,案例企业都致力于通过增加研发投入来增强价值创造的能力,协同价值网生态圈中的合作伙伴,优化配置内外部资源,共同提高研发能力。三是在价值传递方面,案例企业转变以往单一的销售渠道,开始向多个营销渠道转变,通过打通线上和线下销售渠道,大大提升了价值传递的速度。四是在价值获取方面,案例公司主要收益来源于产品的销售,并通过扩大产品品类来增加收入来源。最后,本文选取平衡积分卡对商业模式创新的效果进行评价,主要包括财务角度、客户角度、内部流程角度以及学习和成长角度。根据对数据的分析,不管从财务绩效还是非财务绩效来看,商业模式创新都对企业有着正向的积极的影响,提高企业经营决策的合理性。通过对四家案例企业在数字化经济时代下商业模式创新的实践研究,挖掘案例企业在国内国际双循环的背景下实现转型升级并保持市场占有率平稳增长的成功经验,为我国其他新国货企业的转型提供实践经验。	2022
硕士	实体企业金融资产配置对公司绩效的影响研究	张德源	郑州航空工业管理学院	郑州航空工业管理学院	金融资产配置;;公司绩效;;实体企业	在经济政策不确定性的影响下,发达经济体中实体企业金融化的趋势越发明显。随着经济转型和市场行情不断变化,传统实体企业成本不断高升,利润空间不断缩小,加之创新不足,这些状况都给实体企业的转型与发展带来了重大的挑战。在我国,不断深化完善的金融体制改革促使金融行业高速发展,使得金融产业的收益率远远高于实体产业,这就促使了我国越来越多的实体企业开展金融业务,通过金融投资获取更高的回报。但是,一些实体企业通过持有股票、债券等金融资产以获取高额收益的同时,会过分依赖金融资产配置带来的金融收益,从而忽视主营业务发展,产生了企业层面“脱实向虚”的现象。因此,研究实体企业金融资产配置如何识别、程度如何衡量,其配置动因、传导路径以及对公司绩效产生何种影响等问题有着重要意义,能够为后续企业的投资策略提供借鉴,也能够为制定防范企业过度金融化的政策提供案例支持。在此背景下,本文选取云南白药这一典型实体企业作为研究对象,首先,从进程、规模、结构、程度四个方面对案例企业的金融资产配置进行介绍。其次,从获利动机、提高闲置资金使用效率等方面分析云南白药金融资产配置的动因。再次,通过经营投资和研发创新两个方面的挤占情况分析云南白药金融资产配置的具体路径。最后,对云南白药与片仔癀不同金融资产配置下的公司绩效进行对比,深入研究实体企业金融资产配置对公司绩效的影响。同时,本文结合“自由现金流量理论”“挤占效应”“套利动机”等理论观点进行分析,认为尽管金融投资能够在部分会计期间给企业带来较高的收益,但长此以往,过高的金融资产配置会影响企业的经营活动,从而削弱公司绩效。此外,本文也针对上述情况,结合数据分析和市场现状,分别在企业层面和国家层面提出了相应的建议,为我国实体企业的金融资产配置提供了一定的借鉴。本文的结论如下:(1)云南白药金融资产配置程度较高,其金融资产配置模式主要以委托理财和证券投资为主。(2)云南白药金融资产配置的获利动机较为明显。此外,提高闲置资金使用效率以及主营业务增长乏力促使云南白药进行金融资产配置。(3)云南白药金融资产配置对企业的经营投资存在显著的挤占效应,但对于研发创新的挤占效果并不明显。(4)云南白药金融资产配置期间财务绩效与市场绩效均被削弱。云南白药持有的百亿股票投资也带来了消极的市场反应,说明云南白药大规模持有金融资产并不被投资者认可。通过上述结论,本文提出的建议如下:(1)企业合理配置金融资产,抑制过度金融化。(2)企业合理进行多元化布局,实现新增长点的突破。(3)政府深化供给侧结构性改革,提高企业实业投资水平。(4)政府加强金融市场监管,减少实体企业金融资产配置风险。	2022
硕士	基于模糊综合评价的中医药企业核心能力评价研究	翁贵宁	扬州大学	扬州大学	中医药;;核心能力;;价值链;;德尔菲法;;模糊综合评价法	中国本土化的管理理论必定要根植于中华优秀传统文化与中国当代管理实践的沃土之上。许多研究者对本土文化缺乏自信,刻意忽略中国情境,这是管理理论在解决实际问题时表现乏力的根本原因。中医药的传承与创新作为中华民族坚定文化自信与道路自信的重要内容,也是构建中国特色战略管理理论的重要依据。通过解释中国情境下的独特现象,有助于本土化理论的构建,而立足于中国情境下的管理理论,才能够更好地指导中国化的管理实践,进而达到发展出具有中国特色管理理论的目的。通过对中国情境下中医药企业核心能力评价体系的研究,能够为科学地评价企业核心能力,培养、维护和提升中国情境下中医药企业核心能力的相关研究提供一些借鉴,有利于中医药企业明晰自身的发展方向并制定相应的战略规划、中医药的传承与创新与管理理论的本土化发展。本文首先对核心能力理论的相关研究进行了系统化地梳理,分析了目前学术界关于企业核心能力的理论前沿与探索应用。再结合价值链理论和中医药行业的现状与特点挖掘中医药企业独特竞争优势,在文献研究与专家函询的基础上,通过对中国情境下中医药企业价值链上活动的探讨形成指标体系草案,再运用Delphi法对于长期跟踪研究医药行业的专家进行反复地问卷咨询,进而根据指标体系的构建原则筛选出合适的指标体系,从中医药企业的元件能力与架构能力出发构建核心能力衡量要素。为科学合理地反映各指标对中医药企业核心能力的影响程度,研究通过层次分析法确定各指标所占据的权重。最后,运用模糊综合评价法构建了中医药企业核心能力的评价模型,并对三家中医药上市公司进行实证分析,通过对三家中医药企业核心能力数据的处理与评价结果的分析,用以检验该评价指标体系的有效性。通过在中国情境下,对中医药企业价值链上各环节核心能力的探讨,本研究构建了一套中医药企业核心能力评价指标体系,为中医药企业核心能力的评价与与培育提供标准的、可量化的依据,使得中医药企业核心能力培育的方向更加清晰并更具有针对性。同时为中医药企业核心能力培育方案的确立提供理论上的支撑,并以此为基础为构建东方特色企业战略管理理论提供经验素材。	2022
硕士	基于Interbrand模型的老字号中医药品牌价值评估研究	王磊	中国石油大学(北京)	中国石油大学(北京)	品牌价值;;老字号;;Interbrand模型;;片仔癀	二十世纪八十年代以来,品牌资产概念开始兴起。关于专业学术的定义最早在美国出现,后来各国的专家和研究机构开始把品牌作为研究的焦点,大量企业也开始关注品牌价值。企业品牌价值评估从产权制度的角度出发是对我国这方面制度的贯彻和响应,同时,也是我国要建设法制强国的基本要求,企业品牌价值评估既是认真贯彻国家建立现代化企业制度的基础性工作要求,也是积极响应了建设新时代社会主义市场经济的号召。调研我国现有的老字号中医药行业品牌评估的实际情况,并且结合企业自身的特征,对Interbrand品牌评估模型进行合理修正,从长远看,这不仅能促进我国老字号中医药企业品牌价值评估体系的完善,也能为推进我国品牌评估理论深入发展及实际应用贡献一份力量。本文首先通过参考文献法分析现有的品牌价值评估理论方法,确定适用于我国老字号中医药企业品牌价值的评估方法,最后确认Interbrand模型更适用于品牌价值的评估,其次,在确定评估模型后,需要对具体参数的确定进行调整,结合老字号中医药行业特征,引入层次分析法减少主观因素的影响,同时在计算品牌强度时运用财务指标定量研究品牌强度倍数,使得评估更为全面准确。然后,以典型老字号中医药企业片仔癀为案例对象,进行改进后模型的应用,以验证模型的合理性。得到计算结果后与权威机构发布的结果进行对比,说明本文模型的适用性。案例分析片仔癀品牌价值评估过程中利用改进的品牌模型求取沉淀收益、品牌作用指数、品牌强度和品牌乘数,最终计算出片仔癀公司品牌价值的评价结果为292.5亿元,并且为其品牌价值发展提出建议。老字号品牌评估的意义不只在于得出一个具体的数值,老字号经历时间洗礼,具有得天独厚的品牌优势,不应故步自封,应注重品牌继承与发展,不断创新,代表我国传统民族品牌走出国门,走向世界。	2022
硕士	基于利益相关者视角的公司财务绩效评价研究	沈旭寅	厦门大学	厦门大学	财务绩效评价;;片仔癀公司;;利益相关者;;中医药;;主成分分析法	随着经济的不断发展,中医药行业在市场经济中的地位凸显。特别是近年来,新医改推动大健康产业的发展,在利好政策下,中医药行业发展方兴未艾,同时也促进中医药行业细分的变革和整合。在此背景下,中医药行业上市公司得到了越来越多投资者和利益相关者的关注和青睐,因此,如何科学、公正地评价中医药行业上市公司的财务绩效,是投资者和利益相关者非常关注的课题。不仅如此,对于企业来说,财务绩效有助于企业发现自身的问题,针对问题采取相应的措施提升企业财务绩效,有利于企业健康、长远地发展。 作为中医药上市公司的漳州片仔癀公司,当前正实施“一核两翼”发展战略,发力大健康产业,以期将“片仔癀”打造成大健康产业的领导品牌。本文以片仔癀公司为例,通过梳理国内外学者的研究成果,并阐述相关理论基础,阐述片仔癀公司的绩效评价现状,并深入挖掘存在的不足。在此基础上,基于利益相关者视角,结合片仔癀的行业特点,构建出一套绩效评价指标体系。采用主成分分析法进行片仔癀公司的财务绩效评价,并通过与同行业的比较分析,得出片仔癀公司的不足之处。 实证结果表明:片仔癀公司财务绩效水平与同行相比,结果是“优秀”,说明公司积极践行对利益相关者的责任。但是各利益相关者得分并非都是同行业前三,说明片仔癀公司的整体发展还不够均衡,未能较好的兼顾各利益相关者主体的利益,财务绩效得分仍有进一步提升的空间。结合研究结果,本文基于利益相关者,分别从股东、债权人、供应商、客户、社会和政府、员工等角度提出提升片仔癀财务绩效的对策建议。	2021
硕士	医药制造业税务风险管理研究	孙淑娴	内蒙古财经大学	内蒙古财经大学	医药制造业;;税务风险管理;;涉税风险点;;建议	随着经济的快速发展,社会在不断进步,企业的经济行为越来越复杂,竞争也越来越激烈,在互联网与大数据飞速发展的背景下,加之税收体制改革、金税三期的推广和应用、税收法律法规的不断完善,以及全面依法治税使得企业的税务环境受到严峻的考验,企业生存面临的大环境充斥着大量的不确定因素,这就对企业的税务风险管理提出了更高的要求。医药制造业是国家重点规范行业之一,自2018年以来,医药制造业的税务风险频发,虚开、逃税重大案件频繁出现,给行业带来了很多负面影响。医药制造业税务风险高发,究其根本原因为产品销售及利益分配的既有模式使得医药制造企业涉税风险较高。随着“互联网+税务”时代的到来和税制改革的推行,以及医药行业“两票制”改革、“2+7带量采购”等医改政策的推进,医药企业面临着新的挑战。医药制造企业税务风险管理存在的最大问题是“两票制”实施背景下增值税发票填开不合规,医药企业存在严重的虚开增值税发票行为。在这种背景下,医药企业如何进行税务风险管理工作,成为其发展过程中急需解决的问题。因此研究医药制造业税务风险管理对企业税务风险管理理论的完善具有一定理论意义,且科学合理的税务风险管理,既能减少企业的税收负担,又能规避税务风险,确保企业长久稳定发展。本文的理论基础为风险管理理论、COSO-ERM风险内部控制理论以及税收调控理论,这三大理论为后续研究医药制造业税务风险管理存在的问题及完善建议以及案例分析都提供了有力的理论支撑。本文选取了具有代表性的医药制造企业——漳州片仔癀,通过对该企业的概况、财务状况、涉税情况等三方面进行了全面的介绍,在深入分析企业可能存在的税务风险以及各个经营环节的涉税基础上,本文分别从管理层面和技术层面提出医药制造业税务风险管理目前存在的问题。最后针对上述提出的医药制造业税务风险管理中存在的问题,提出着眼于整个医药制造业的税务风险管理优化建议,即优化企业内部税务风险环境管理、完善发票管理、强化税务风险控制,希望可以为医药行业税务风险管理提供参考和借鉴。本文写作过程中首先运用了案例分析法,立足于实际,挑选真实案例,以点带面,来分析整个医药制造业的税务风险管理;其次运用了定性与定量分析法,对漳州片仔癀的税务风险进行了分析;最后运用了归纳总结法,对典型药企涉税刑事案例进行分析之后,归纳总结出了医药制造业目前面临的税务风险管理问题,以便企业找准方向来完善税务风险管理,使得企业长久稳定地发展。	2021
硕士	国际化视角下中药企业研发投入及其经济后果研究	陈可晖	西南财经大学	西南财经大学	研发投入;;中医药行业;;经济后果;;国际化视角	新冠肺炎疫情以来,医药制造业备受关注。中药与西药都以自身不同优势在抗疫工作中发挥作用。中药更是以副作用小、成分天然等特点备受关注,中医药产业的发展壮大,走入国际视野是必由之路。中药作用机理自成体系,中药在国际化进程中面临中药产业化、标准化不足的问题。在这样的大环境与自身特性影响下,中国医药制造业将面临许多机遇与挑战,药品的研发对其发展起到至关重要的作用。本文通过了解中医药企业研发投入,分析研发效率,并说明其对公司财务造成的相关影响。云南白药集团股份有限公司与漳州片仔癀药业股份有限公司作为中药行业龙头,是仅有的两家拥有国家绝密级配方药品的中药企业,并具备拓展境外市场的经济基础,拥有许多相似之处,然而二者的战略规划有所不同,对具备相似性与可比性的案例进行对比分析可以降低企业特殊性对论文结论的误导,所以本文选取这两家企业作为案例围绕研究方向进行分析。首先通过整理中药企业整体研发情况以及发展现状,发现中药制造业的研发活动仍不具备规模性,平均研发效率水平较低,研发成果转化率低。其次,以两家企业2015-2019年相关数据为基础,运用财务分析方法,对两家案例企业研发投入进行具体分析,并结合案例实际情况分析研发资金使用效率,选取盈利能力、成长能力等方面数据,探究研发投入所带来的相关影响,根据研究结果结合二者发展战略,评估各自的国际市场基础与未来国际化发展能力。根据相关分析得出的结论是:研发投入在短期与长期引发财务后果不同。老牌中药企业研发投入不足,国际化面临困难。中药行业整体对研发投入重视程度低,影响中药企业的核心竞争力。销售支出在一定程度上会排斥研发支出。本文针对以上结论提出建议,鼓励企业增加研发投入以提高企业活力,推出符合国际标准的药品,占领并拓宽市场,促进企业的可持续性发展,形成良好高效的循环。从国家层面建议对财务报表上研发投入项目进行更加详细的披露,以用来增强项目的可信度,增强资本市场投资者的信心,或通过政府扶持等措施鼓励企业创建属于自身的研发场所等。本文的形成有助于人们认识研发投入与公司绩效之间的关系,对中医药企业有一定的借鉴作用,对于改善我国中医药制造业现状,提升发展潜力乃至提升我国科技竞争力都有着重要现实意义。	2021
硕士	哈佛框架下中医药企业成长性研究	雍丹	西安理工大学	西安理工大学	片仔癀;;哈佛框架;;成长性;;战略分析	“十三五规划”将中医药发展提升到国家战略层面,并相继推出各种政策给予支持。同时,伴随老龄化趋势和养生理念的兴起,中医药行业迎来了新的机遇。然而,传统中医药发展空间也受到现代医学挤压。中医药企业作为传统中医药的重要传承载体也面临技术和市场的挑战,中医药企业的发展成为振兴中医药的重要基础。作为备受投资者青睐的中医药企业,是否具有较大的成长空间和发展潜力?传统中医药企业又如何在激烈的市场竞争中抓住机遇,加速成长?值得我们讨论和研究。片仔癀被称为“药中茅台”,是目前国内规模较大且较为典型的中医药公司,因此,本文将以漳州片仔癀公司作为研究对象,依靠哈佛分析框架,对其成长性进行研究。本文首先梳理了有关成长性研究的文献,分别整理了成长性定义、影响因素和如何评价这几个方面的文献资料。然后对文中涉及到的相关观点和理论进行了归纳。其次,以片仔癀公司2014-2018年的财务数据为基础,介绍了片仔癀的概况和经营现状,并对照同行业其他公司的情况,从公司战略、会计政策、财务指标和前景预测四个方面对片仔癀的成长性进行了深入分析。研究结果表明,片仔癀在战略上,具有清晰的战略定位和竞争优势;在会计上,会计政策完善且谨慎,资产和负债结构合理;财务上,财务状况良好,偿债能力和营运能力较强,现金流充足,且具有稳定的发展能力;前景上,细分市场前景广阔。进而得出了片仔癀公司成长性良好的结论。同时,也发现片仔癀内生成长动力不足,后期成长乏力的问题。在分析的基础上,给出了相应的对策,如优化收入、人才、财务结构,控制销售成本等。本文的分析与建议不仅能有利于片仔癀公司提高自身成长性,也能为中医药行业其他企业的成长提供参考,同时还能为青睐高成长性企业的投资者给予一定的帮助。但本文研究也有一定的局限性,如样本规模单一,应用范围不广等。	2020
硕士	基于Interbrand法的A中医药企业品牌价值评估研究	虞章瑞	中国矿业大学	中国矿业大学	品牌;;Interbrand模型修正;;中医药文化;;划分市场;;片仔癀	随着企业的品牌建设在市场化竞争中作用的日益凸显,对品牌资产价值的科学评估具有重要意义。当前还没有专门适用于中医药品牌特点的评估方法,造成评估结果不准确,无法正确衡量品牌价值。在对国内外主流的评估方法进行研究分析后,本文基于不同方法的适用性选择了Interbrand评估模型,并根据中医药企业具有浓厚地域文化、民族文化等特点,对Interbrand模型进行修正。首先,针对中医药企业与中医药文化紧密相关的特点,中医药品在市场上的推广效果受到市场对中医药文化认可程度的直接影响,所以本文将市场对中医药品牌及中医药文化的认可程度纳入修正模型。其次,本文修正模型对品牌在不同市场的表现分别评价,分别计算各市场的品牌乘数、品牌收益,弥补了原Interbrand模型基于全球市场的总体评价,容易造成误差过大的不足。再次,本文认为人口规模也是十分重要的市场因素,人口规模不同则市场的潜力不同对品牌价值的影响不同。此外,在品牌收益计算方面,用主成分分析法、层次分析法确认品牌价值系数和品牌因素权重,并用预期未来两阶段的品牌利润计算品牌收益。最后以片仔癀公司为案例,使用修正的模型进行了品牌价值评估,评估结果略高于品牌观察网的数据,可以表明修正模型更加适合中医药品牌价值评估。	2020
硕士	大健康产业医药上市公司现金股利政策研究	陈思琪	华北水利水电大学	华北水利水电大学	现金股利政策;;上市公司;;医药行业;;片仔癀	随着社会进步、教育普及和人们健康观念的转变,习近平总书记提出“健康中国”的发展战略,我国将迎来大健康产业3.0时代,该产业链上游核心的医药行业也将迎来新的经济增长点。目前我国上市公司股利政策的研究众多,但基于大健康产业战略新规划及我国医改继续推进的新背景,医药行业上市公司的现金股利政策鲜少有研究。本文选取的漳州片仔癀药业股份有限公司,它作为“药中茅台”,是一个拥有强大护城河的企业,于2014年乘着大健康产业发展的东风,致力于建设健康产业集团。在该公司股利政策方面,自上市以来16年连续现金分红,包括在2014年实施大健康产业战略背景中,现金股利分配未间断,其现金股利政策具备明显的稳定性和连续性。这不同于我国上市公司不完全合理、随意且不稳定的现金股利分配现状。因此,在国内外已有研究的基础上,本文通过分析医药行业上市公司的现金股利政策,着重以片仔癀公司为案例研究对象进行分析,希望能为医药行业上市公司现金股利政策的制定做补充及为后来学者的研究提供经验。本文首先对国内外已有的现金股利相关理论基础作了较为全面的阐述和总结。其次,通过统计描述总结出近九年医药制造行业上市公司现金股利分配现状,并根据统计结果分析出医药行业上市公司股利分配政策其形成的原因,以及产生的影响。接着,本文梳理片仔癀的现金股利政策案例。伴随大健康产业背景,总结出片仔癀在现金股利分配政策方面的特点,并于同行业代表公司的股利政策做对比。再次,从财务影响因素和非财务影响因素方面,分析出片仔癀现金股利政策特点的动因;从市场层面和企业价值两方面,分析片仔癀现金股利政策产生的经济影响;并提出可行的完善意见。最后,研究结果发现自由现金流量、盈利能力、偿债能力及企业战略对我国上市公司持续现金分红有不同程度的影响,总结出片仔癀现金股利政策可借鉴经验及不足之处。本文也指出了研究中存在的不足及展望,为以后的研究提供了方向。	2020
硕士	基于哈佛框架的中药企业财务分析	李小芳	河北师范大学	河北师范大学	哈佛框架;;漳州片仔癀;;财务分析	为满足人们对于健康保健的多元化需求,促进中医药学的传承和创新,国家相继出台一系列政策、规定支持中医药企业的发展。在利好政策的支持下,众多传统中药制造企业开始进行战略转型。但从现阶段的转型成果来看,成功的中药制造企业还比较少,因此对当前围绕核心产品向日化、保健行业转型的中药制造企业进行全面分析,找出制约中药制造企业转型的因素,并在此基础上结合国家政策、市场环境等提出建议,以求得中药制造企业成功转型,找到适合自己发展的路径。本文选择了自2014年开始进行战略转型的中药制造企业漳州片仔癀作为研究对象,既因为漳州片仔癀与其他中医药企业相比有良好的知名度,又因为同时期进行转型的中药制造企业的转型策略与漳州片仔癀的“一核两翼”大同小异。“一核两翼”转型战略实施已有5年,但多元化经营效果不佳,转型成果不太理想。因此,漳州片仔癀作为转型期的代表性中药制造企业有重要研究价值。本文选择哈佛分析框架对漳州片仔癀的战略、会计、财务和前景四个维度进行全面分析。以战略分析为起点,运用PEST模型和SWOT分析对漳州片仔癀所处的内外部环境展开分析;在会计分析层面,对企业固定资产、存货和应收账款等重点会计科目所采用的会计政策的科学性、所提供的会计信息的质量作出判断;在财务分析层面,一方面基于2014年至2018年企业三大财务报表数据对漳州片仔癀“一核两翼”战略的实施效果做出判断,一方面结合财务指标对企业的偿债、盈利、营运和发展能力进行分析,并与行业领头企业云南白药进行对比;最后在战略、会计和财务分析的基础上对行业和企业前景进行预测。通过分析得出以下结论:漳州片仔癀“一核两翼”实施效果初见成效,但仍存在核心产品单一、多元化效果不佳的劣势。基于对企业内外部环境综合考量的结果,企业应选择增长型战略向多元化战略发展,这与漳州片仔癀“一核两翼”战略相符合,方向基本正确;漳州片仔癀目前所采取的会计政策与企业的实际运营情况相符,企业运营良好,但存在成本控制能力差、盈利能力下降和期间费用高的问题,对此提出优化产品结构、加大研发投入等建议,为漳州片仔癀未来战略规划和经营发展提供参考,希望能对处于转型期的中药制造企业进行多元化经营财务分析评价有所启示。	2020
硕士	中医药行业上市公司价值评估方法适用性研究	李应楠	东华大学	东华大学	中医药行业;;企业价值评估;;现金流量贴现模型;;EVA模型;;市盈率模型	随着我国国民经济的迅速发展,中医药行业在市场经济中的地位变得日益重要。近年来,在大健康产业的背景下,新医改政策的不断出台既加快了整个中医药行业的周期轮动,也促进了细分行业的变革和整合。同时国家开始扶持中医药种植业,在大健康理念的带动和信息技术的不断创新下,传统的中医药企业势必会把握机遇,加快其产业布局。所以整个中医药行业的发展显得尤为重要。中医药行业是医药行业中的一个分支,但是中医药企业因其产品的特殊性与一般的医药企业有很大的区分度,具体体现在品牌的历史价值和传承的技术优势上。现阶段在国家政策的扶持下,许多老牌中医药企业都顺应发展趋势进行战略转型,不断拓宽自身的业务板块,经营业绩也随着战略的转变而发生相应的提升。学术界和投资环境实践中对于转型中的老品牌中医药企业的价值评估还没有定论。漳州片仔癀药业股份有限公司(以下简称片仔癀)就是这类企业的一个典型代表,所以,本文将其作为研究对象,采用实践中广泛应用的几种价值评估方法分别进行估值,试图探讨对于这一类中医药企业的适用性,为中医药企业价值评估体系提供案例参考。本文扎根价值评估理论,在了解过学术界对各类估值模型的适用性研究的基础上,选择了典型的收益法和市场法进行具体的案例分析。按照“行业现状——案例企业基本情况分析——价值评估方法模型的计算——方法的适用性结论”的主线层层递进。首先采用PEST法分析中医药行业所处的宏观环境,并通过五力模型分析了中医药行业的竞争态势;然后对比行业数据,对片仔癀的历史数据做了较为详尽的财务分析,并且通过SWOT法分析了该企业的发展特征;整合行业和企业两个层面的分析结果,基于收益法下的自由现金流量贴现模型和经济增加值模型,以及市场法下的市盈率模型,分别计算片仔癀的企业价值,在对估值结果与股价进行对比的基础上,通过比较不同模型下的估算过程得出最终适用性的结论。本文的研究表明,对于类似于片仔癀这种产品独特、未来市场潜力巨大的中医药类企业,收益法下的自由现金流量贴现模型和经济增加值模型对其每股价格的测算结果更贴近于其真实价格,而市盈率模型的估值容易低估其内在价值。	2019
硕士	中药生产企业价值评估研究	周倩茹	西安科技大学	西安科技大学	中药生产企业;;价值评估;;EVA;;片仔癀	随着我国中医药行业的不断高速发展,在国内上市的中药生产企业相比以往无论是从数量上还是质量上都有很大的提升,中药生产企业已经成为投资者的主要选择之一。价值评估方法的恰当选择,以及企业内在价值的正确衡量,业已成为中药生产企业利益相关者尤为关切的问题。中药生产企业价值的正确评估有助于企业股东更好的了解企业价值的同时,还有助于给企业之间的重组、兼并以及企业股权收购等提供决策支持。本文将企业价值评估的成本法、收益法、市场法以及EVA价值评估方法进行了阐述与比较,最终得出结论:传统的三大方法与EVA价值评估方法相比,存在很多缺陷,成本法未充分考虑公司的盈利能力只考虑了资产的重置成本;采用收益法对企业价值评估时未考虑股权资本成本,容易导致企业的短期行为从而难以评估企业的真实价值;我国资本市场的不完善以及会计处理的滞后性可能使得企业披露的财务信息失真,市场法选择参照企业作为评估依据时可能在选择参照企业时存在一定的难度,因此这种方法的使用范围很狭窄。而EVA价值评估方法能够从一定程度上弥补传统方法的缺陷,并且具有更强的实用性,评估出的企业价值与其他方法相比更加可靠。在分析了我国中药生产企业的现状以及未来的发展趋势后认为,我国中药材种植及基地面积、中药材产量以及中药材消费量都是呈现逐年上升的趋势,医疗保险支出也在逐年增加,并且随着人口的不断增加、老龄化的加剧,无论从供给还是需求上都促进了中药生产企业的发展。因此认为我国中药生产企业未来获利能力较强,与其他方法相比,EVA价值评估方法更适合于中药生产企业的价值评估。得出以上结论后,本文结合中药生产企业的这些特征构建了基于中药生产企业特征的EVA价值评估体系。以漳州片仔癀股份有限公司近10年的财务报表为基础,根据中药生产企业所处的行业环境及片仔癀公司的经营发展状况对EVA指标进行了相应调整并且根据这些特征选择了 EVA价值评估方法的两阶段模型对片仔癀进行价值评估,在计算出片仔癀与价值评估相关的的具体数据以及EVA值之后,采用构建的基于中药生产企业特征的EVA价值评估体系预测片仔癀2017年年末的内在价值,最终得出片仔癀的企业价值被市场低估的结论。本文通过理论分析和案例剖析,认为中药生产企业未来发展前景良好,并将处于高速发展的阶段,未来收益能力较强,采用EVA价值评估方法对中药生产企业进行价值评估具有一定的实用性。	2018
硕士	中药中黄酮和皂苷生物可给性影响因子研究	牟洋	闽南师范大学	闽南师范大学	仿生消化;;肠道微生物;;黄酮;;皂苷;;生物可给性;;中药	首次建立“仿生消化+肠道微生物代谢+单层脂质体萃取”技术,模拟中药中黄酮、皂苷在胃肠中的消化、代谢及吸收机制。在结合化学仿生(人工胃、人工肠)与医学仿生(酶的作用)基础上,加入肠道微生物,更逼近人体肠消化系统。以高效液相色谱为检测手段,以消化食糜中单层脂质体亲合态含量界定中药中黄酮、皂苷的生物可给性,通过黄酮、皂苷及其单层脂质体亲合态含量变化,考察中药提取工艺、中药配伍、胃消化、肠消化、肠道微生物代谢时间对黄酮、皂苷生物可给性的影响,具体情况如下:(1)以乙腈-0.03%醋酸水溶液为流动相,应用梯度洗脱,高效液相色谱法(0-3 min乙腈3%,3-15 min乙腈15%,15-26 min乙腈24%,26-40 min乙腈25%)可有效分离、同时测定金线莲提取液中4种黄酮苷元(芦丁、山奈酚、异鼠李素、槲皮素)的含量,经液相色谱-电喷雾离子化质谱联用法验证,结果可靠。(2)以黄酮提取率为指标,评价酶解-醇提、回流-醇提、搅拌-醇提、超声-醇提、超声-微波-醇提、煎煮等6种工艺对提取金线莲中黄酮苷元的提取效果,回流-醇提法最佳,提取时间短,醇用量少,总提取率最高,可达1.497%。(3)经胃肠消化、肠道微生物代谢,胃肠道中三七、片仔癀的皂苷浓度取决于药物释放与代谢的综合效应;三七、片仔癀的皂苷(人参皂苷Rg1、Rb1、Rd1、三七皂苷R1),主要分别于胃液、肠液中溶出;三七中4种皂苷经胃消化1.5小时后,溶出率最高,分别为9.41、31.27、17.57、3.389mg/g,消化时间延长,浓度则降低;片仔癀中4种皂苷经肠消化2小时,皂苷含量最大,分别约为24.75、18.99、16.05、4.12 mg/g,可有效维持浓度4小时;肠道是人体主要吸收器官,因此中药配伍有利于皂苷的肠吸收;肠道微生物代谢加快皂苷的消化分解;据片仔癀规定用量和单层脂质体萃取量,成人,儿童三七(粉末)最大日摄入量分别约为0.99、0.49 g/day。	2013
